{
  "dataset": {
    "total_images": 1945,
    "total_scenes": 34,
    "total_datasets": 13,
    "sampled_for_eda": 500
  },
  "resolution": {
    "width_mean": 1142.738,
    "width_std": 1158.1957180701368,
    "height_mean": 1005.476,
    "height_std": 735.8985211454091
  },
  "sharpness": {
    "mean": 2528.468564861589,
    "std": 3947.4981372027087,
    "p10": 91.96889143426978,
    "p90": 9628.682943289441,
    "blurry_threshold": 91.96889143426978,
    "non_upright_pct": 0.0
  },
  "brightness": {
    "mean": 125.57867830678731,
    "std": 25.356496462557743,
    "p10": 97.8411840756705,
    "p90": 155.42551422119143
  },
  "contrast": {
    "mean": 59.6150009994954,
    "std": 14.264740052497057,
    "p10": 43.60191181358523,
    "p90": 77.03347794199733
  },
  "descriptor": {
    "norm_mean": 0.0,
    "norm_std": 0.0,
    "norm_p10": 0.0,
    "norm_p90": 0.0
  },
  "orientation": {
    "non_upright_pct": 0.0
  }
}