{
  "total_images": 1945,
  "total_scenes": 34,
  "sharpness_mean": 2528.468564861589,
  "sharpness_p10": 91.96889143426978,
  "resolution_width_mean": 1142.738,
  "resolution_height_mean": 1005.476,
  "blurry_threshold": 91.96889143426978,
  "brightness_mean": 125.57867830678731,
  "contrast_mean": 59.6150009994954
}